10;0.1;0.1;0.1;0.1;0.1
12;0.1;0.1;0.1;0.1;0.2
14;0.1;0.1;0.1;0.1;0.3
14;0.1;0.1;0.1;0.2;0.2
16;0.1;0.1;0.1;0.1;0.4
16;0.1;0.1;0.1;0.2;0.3
16;0.1;0.1;0.2;0.2;0.2
18;0.1;0.1;0.1;0.1;0.5
18;0.1;0.1;0.1;0.2;0.4
18;0.1;0.1;0.1;0.3;0.3
18;0.1;0.1;0.2;0.2;0.3
18;0.1;0.2;0.2;0.2;0.2
20;0.1;0.1;0.1;0.1;0.6
20;0.1;0.1;0.1;0.2;0.5
20;0.1;0.1;0.1;0.3;0.4
20;0.1;0.1;0.2;0.2;0.4
20;0.1;0.1;0.2;0.3;0.3
20;0.1;0.2;0.2;0.2;0.3
20;0.2;0.2;0.2;0.2;0.2
22;0.1;0.1;0.1;0.1;0.7
22;0.1;0.1;0.1;0.2;0.6
22;0.1;0.1;0.1;0.3;0.5
22;0.1;0.1;0.1;0.4;0.4
22;0.1;0.1;0.2;0.2;0.5
22;0.1;0.1;0.2;0.3;0.4
22;0.1;0.1;0.3;0.3;0.3
22;0.1;0.2;0.2;0.2;0.4
22;0.1;0.2;0.2;0.3;0.3
22;0.2;0.2;0.2;0.2;0.3
24;0.1;0.1;0.1;0.1;0.8
24;0.1;0.1;0.1;0.2;0.7
24;0.1;0.1;0.1;0.3;0.6
24;0.1;0.1;0.1;0.4;0.5
24;0.1;0.1;0.2;0.2;0.6
24;0.1;0.1;0.2;0.3;0.5
24;0.1;0.1;0.2;0.4;0.4
24;0.1;0.1;0.3;0.3;0.4
24;0.1;0.2;0.2;0.2;0.5
24;0.1;0.2;0.2;0.3;0.4
24;0.1;0.2;0.3;0.3;0.3
24;0.2;0.2;0.2;0.2;0.4
24;0.2;0.2;0.2;0.3;0.3
26;0.1;0.1;0.1;0.1;0.9
26;0.1;0.1;0.1;0.2;0.8
26;0.1;0.1;0.1;0.3;0.7
26;0.1;0.1;0.1;0.4;0.6
26;0.1;0.1;0.1;0.5;0.5
26;0.1;0.1;0.2;0.2;0.7
26;0.1;0.1;0.2;0.3;0.6
26;0.1;0.1;0.2;0.4;0.5
26;0.1;0.1;0.3;0.3;0.5
26;0.1;0.1;0.3;0.4;0.4
26;0.1;0.2;0.2;0.2;0.6
26;0.1;0.2;0.2;0.3;0.5
26;0.1;0.2;0.2;0.4;0.4
26;0.1;0.2;0.3;0.3;0.4
26;0.1;0.3;0.3;0.3;0.3
26;0.2;0.2;0.2;0.2;0.5
26;0.2;0.2;0.2;0.3;0.4
26;0.2;0.2;0.3;0.3;0.3
28;0.1;0.1;0.1;0.2;0.9
28;0.1;0.1;0.1;0.3;0.8
28;0.1;0.1;0.1;0.4;0.7
28;0.1;0.1;0.1;0.5;0.6
28;0.1;0.1;0.2;0.2;0.8
28;0.1;0.1;0.2;0.3;0.7
28;0.1;0.1;0.2;0.4;0.6
28;0.1;0.1;0.2;0.5;0.5
28;0.1;0.1;0.3;0.3;0.6
28;0.1;0.1;0.3;0.4;0.5
28;0.1;0.1;0.4;0.4;0.4
28;0.1;0.2;0.2;0.2;0.7
28;0.1;0.2;0.2;0.3;0.6
28;0.1;0.2;0.2;0.4;0.5
28;0.1;0.2;0.3;0.3;0.5
28;0.1;0.2;0.3;0.4;0.4
28;0.1;0.3;0.3;0.3;0.4
28;0.2;0.2;0.2;0.2;0.6
28;0.2;0.2;0.2;0.3;0.5
28;0.2;0.2;0.2;0.4;0.4
28;0.2;0.2;0.3;0.3;0.4
28;0.2;0.3;0.3;0.3;0.3
30;0.1;0.1;0.1;0.3;0.9
30;0.1;0.1;0.1;0.4;0.8
30;0.1;0.1;0.1;0.5;0.7
30;0.1;0.1;0.1;0.6;0.6
30;0.1;0.1;0.2;0.2;0.9
30;0.1;0.1;0.2;0.3;0.8
30;0.1;0.1;0.2;0.4;0.7
30;0.1;0.1;0.2;0.5;0.6
30;0.1;0.1;0.3;0.3;0.7
30;0.1;0.1;0.3;0.4;0.6
30;0.1;0.1;0.3;0.5;0.5
30;0.1;0.1;0.4;0.4;0.5
30;0.1;0.2;0.2;0.2;0.8
30;0.1;0.2;0.2;0.3;0.7
30;0.1;0.2;0.2;0.4;0.6
30;0.1;0.2;0.2;0.5;0.5
30;0.1;0.2;0.3;0.3;0.6
30;0.1;0.2;0.3;0.4;0.5
30;0.1;0.2;0.4;0.4;0.4
30;0.1;0.3;0.3;0.3;0.5
30;0.1;0.3;0.3;0.4;0.4
30;0.2;0.2;0.2;0.2;0.7
30;0.2;0.2;0.2;0.3;0.6
30;0.2;0.2;0.2;0.4;0.5
30;0.2;0.2;0.3;0.3;0.5
30;0.2;0.2;0.3;0.4;0.4
30;0.2;0.3;0.3;0.3;0.4
30;0.3;0.3;0.3;0.3;0.3
32;0.1;0.1;0.1;0.4;0.9
32;0.1;0.1;0.1;0.5;0.8
32;0.1;0.1;0.1;0.6;0.7
32;0.1;0.1;0.2;0.3;0.9
32;0.1;0.1;0.2;0.4;0.8
32;0.1;0.1;0.2;0.5;0.7
32;0.1;0.1;0.2;0.6;0.6
32;0.1;0.1;0.3;0.3;0.8
32;0.1;0.1;0.3;0.4;0.7
32;0.1;0.1;0.3;0.5;0.6
32;0.1;0.1;0.4;0.4;0.6
32;0.1;0.1;0.4;0.5;0.5
32;0.1;0.2;0.2;0.2;0.9
32;0.1;0.2;0.2;0.3;0.8
32;0.1;0.2;0.2;0.4;0.7
32;0.1;0.2;0.2;0.5;0.6
32;0.1;0.2;0.3;0.3;0.7
32;0.1;0.2;0.3;0.4;0.6
32;0.1;0.2;0.3;0.5;0.5
32;0.1;0.2;0.4;0.4;0.5
32;0.1;0.3;0.3;0.3;0.6
32;0.1;0.3;0.3;0.4;0.5
32;0.1;0.3;0.4;0.4;0.4
32;0.2;0.2;0.2;0.2;0.8
32;0.2;0.2;0.2;0.3;0.7
32;0.2;0.2;0.2;0.4;0.6
32;0.2;0.2;0.2;0.5;0.5
32;0.2;0.2;0.3;0.3;0.6
32;0.2;0.2;0.3;0.4;0.5
32;0.2;0.2;0.4;0.4;0.4
32;0.2;0.3;0.3;0.3;0.5
32;0.2;0.3;0.3;0.4;0.4
32;0.3;0.3;0.3;0.3;0.4
34;0.1;0.1;0.1;0.5;0.9
34;0.1;0.1;0.1;0.6;0.8
34;0.1;0.1;0.1;0.7;0.7
34;0.1;0.1;0.2;0.4;0.9
34;0.1;0.1;0.2;0.5;0.8
34;0.1;0.1;0.2;0.6;0.7
34;0.1;0.1;0.3;0.3;0.9
34;0.1;0.1;0.3;0.4;0.8
34;0.1;0.1;0.3;0.5;0.7
34;0.1;0.1;0.3;0.6;0.6
34;0.1;0.1;0.4;0.4;0.7
34;0.1;0.1;0.4;0.5;0.6
34;0.1;0.1;0.5;0.5;0.5
34;0.1;0.2;0.2;0.3;0.9
34;0.1;0.2;0.2;0.4;0.8
34;0.1;0.2;0.2;0.5;0.7
34;0.1;0.2;0.2;0.6;0.6
34;0.1;0.2;0.3;0.3;0.8
34;0.1;0.2;0.3;0.4;0.7
34;0.1;0.2;0.3;0.5;0.6
34;0.1;0.2;0.4;0.4;0.6
34;0.1;0.2;0.4;0.5;0.5
34;0.1;0.3;0.3;0.3;0.7
34;0.1;0.3;0.3;0.4;0.6
34;0.1;0.3;0.3;0.5;0.5
34;0.1;0.3;0.4;0.4;0.5
34;0.1;0.4;0.4;0.4;0.4
34;0.2;0.2;0.2;0.2;0.9
34;0.2;0.2;0.2;0.3;0.8
34;0.2;0.2;0.2;0.4;0.7
34;0.2;0.2;0.2;0.5;0.6
34;0.2;0.2;0.3;0.3;0.7
34;0.2;0.2;0.3;0.4;0.6
34;0.2;0.2;0.3;0.5;0.5
34;0.2;0.2;0.4;0.4;0.5
34;0.2;0.3;0.3;0.3;0.6
34;0.2;0.3;0.3;0.4;0.5
34;0.2;0.3;0.4;0.4;0.4
34;0.3;0.3;0.3;0.3;0.5
34;0.3;0.3;0.3;0.4;0.4
36;0.1;0.1;0.1;0.6;0.9
36;0.1;0.1;0.1;0.7;0.8
36;0.1;0.1;0.2;0.5;0.9
36;0.1;0.1;0.2;0.6;0.8
36;0.1;0.1;0.2;0.7;0.7
36;0.1;0.1;0.3;0.4;0.9
36;0.1;0.1;0.3;0.5;0.8
36;0.1;0.1;0.3;0.6;0.7
36;0.1;0.1;0.4;0.4;0.8
36;0.1;0.1;0.4;0.5;0.7
36;0.1;0.1;0.4;0.6;0.6
36;0.1;0.1;0.5;0.5;0.6
36;0.1;0.2;0.2;0.4;0.9
36;0.1;0.2;0.2;0.5;0.8
36;0.1;0.2;0.2;0.6;0.7
36;0.1;0.2;0.3;0.3;0.9
36;0.1;0.2;0.3;0.4;0.8
36;0.1;0.2;0.3;0.5;0.7
36;0.1;0.2;0.3;0.6;0.6
36;0.1;0.2;0.4;0.4;0.7
36;0.1;0.2;0.4;0.5;0.6
36;0.1;0.2;0.5;0.5;0.5
36;0.1;0.3;0.3;0.3;0.8
36;0.1;0.3;0.3;0.4;0.7
36;0.1;0.3;0.3;0.5;0.6
36;0.1;0.3;0.4;0.4;0.6
36;0.1;0.3;0.4;0.5;0.5
36;0.1;0.4;0.4;0.4;0.5
36;0.2;0.2;0.2;0.3;0.9
36;0.2;0.2;0.2;0.4;0.8
36;0.2;0.2;0.2;0.5;0.7
36;0.2;0.2;0.2;0.6;0.6
36;0.2;0.2;0.3;0.3;0.8
36;0.2;0.2;0.3;0.4;0.7
36;0.2;0.2;0.3;0.5;0.6
36;0.2;0.2;0.4;0.4;0.6
36;0.2;0.2;0.4;0.5;0.5
36;0.2;0.3;0.3;0.3;0.7
36;0.2;0.3;0.3;0.4;0.6
36;0.2;0.3;0.3;0.5;0.5
36;0.2;0.3;0.4;0.4;0.5
36;0.2;0.4;0.4;0.4;0.4
36;0.3;0.3;0.3;0.3;0.6
36;0.3;0.3;0.3;0.4;0.5
36;0.3;0.3;0.4;0.4;0.4
38;0.1;0.1;0.1;0.7;0.9
38;0.1;0.1;0.1;0.8;0.8
38;0.1;0.1;0.2;0.6;0.9
38;0.1;0.1;0.2;0.7;0.8
38;0.1;0.1;0.3;0.5;0.9
38;0.1;0.1;0.3;0.6;0.8
38;0.1;0.1;0.3;0.7;0.7
38;0.1;0.1;0.4;0.4;0.9
38;0.1;0.1;0.4;0.5;0.8
38;0.1;0.1;0.4;0.6;0.7
38;0.1;0.1;0.5;0.5;0.7
38;0.1;0.1;0.5;0.6;0.6
38;0.1;0.2;0.2;0.5;0.9
38;0.1;0.2;0.2;0.6;0.8
38;0.1;0.2;0.2;0.7;0.7
38;0.1;0.2;0.3;0.4;0.9
38;0.1;0.2;0.3;0.5;0.8
38;0.1;0.2;0.3;0.6;0.7
38;0.1;0.2;0.4;0.4;0.8
38;0.1;0.2;0.4;0.5;0.7
38;0.1;0.2;0.4;0.6;0.6
38;0.1;0.2;0.5;0.5;0.6
38;0.1;0.3;0.3;0.3;0.9
38;0.1;0.3;0.3;0.4;0.8
38;0.1;0.3;0.3;0.5;0.7
38;0.1;0.3;0.3;0.6;0.6
38;0.1;0.3;0.4;0.4;0.7
38;0.1;0.3;0.4;0.5;0.6
38;0.1;0.3;0.5;0.5;0.5
38;0.1;0.4;0.4;0.4;0.6
38;0.1;0.4;0.4;0.5;0.5
38;0.2;0.2;0.2;0.4;0.9
38;0.2;0.2;0.2;0.5;0.8
38;0.2;0.2;0.2;0.6;0.7
38;0.2;0.2;0.3;0.3;0.9
38;0.2;0.2;0.3;0.4;0.8
38;0.2;0.2;0.3;0.5;0.7
38;0.2;0.2;0.3;0.6;0.6
38;0.2;0.2;0.4;0.4;0.7
38;0.2;0.2;0.4;0.5;0.6
38;0.2;0.2;0.5;0.5;0.5
38;0.2;0.3;0.3;0.3;0.8
38;0.2;0.3;0.3;0.4;0.7
38;0.2;0.3;0.3;0.5;0.6
38;0.2;0.3;0.4;0.4;0.6
38;0.2;0.3;0.4;0.5;0.5
38;0.2;0.4;0.4;0.4;0.5
38;0.3;0.3;0.3;0.3;0.7
38;0.3;0.3;0.3;0.4;0.6
38;0.3;0.3;0.3;0.5;0.5
38;0.3;0.3;0.4;0.4;0.5
38;0.3;0.4;0.4;0.4;0.4
40;0.1;0.1;0.1;0.8;0.9
40;0.1;0.1;0.2;0.7;0.9
40;0.1;0.1;0.2;0.8;0.8
40;0.1;0.1;0.3;0.6;0.9
40;0.1;0.1;0.3;0.7;0.8
40;0.1;0.1;0.4;0.5;0.9
40;0.1;0.1;0.4;0.6;0.8
40;0.1;0.1;0.4;0.7;0.7
40;0.1;0.1;0.5;0.5;0.8
40;0.1;0.1;0.5;0.6;0.7
40;0.1;0.1;0.6;0.6;0.6
40;0.1;0.2;0.2;0.6;0.9
40;0.1;0.2;0.2;0.7;0.8
40;0.1;0.2;0.3;0.5;0.9
40;0.1;0.2;0.3;0.6;0.8
40;0.1;0.2;0.3;0.7;0.7
40;0.1;0.2;0.4;0.4;0.9
40;0.1;0.2;0.4;0.5;0.8
40;0.1;0.2;0.4;0.6;0.7
40;0.1;0.2;0.5;0.5;0.7
40;0.1;0.2;0.5;0.6;0.6
40;0.1;0.3;0.3;0.4;0.9
40;0.1;0.3;0.3;0.5;0.8
40;0.1;0.3;0.3;0.6;0.7
40;0.1;0.3;0.4;0.4;0.8
40;0.1;0.3;0.4;0.5;0.7
40;0.1;0.3;0.4;0.6;0.6
40;0.1;0.3;0.5;0.5;0.6
40;0.1;0.4;0.4;0.4;0.7
40;0.1;0.4;0.4;0.5;0.6
40;0.1;0.4;0.5;0.5;0.5
40;0.2;0.2;0.2;0.5;0.9
40;0.2;0.2;0.2;0.6;0.8
40;0.2;0.2;0.2;0.7;0.7
40;0.2;0.2;0.3;0.4;0.9
40;0.2;0.2;0.3;0.5;0.8
40;0.2;0.2;0.3;0.6;0.7
40;0.2;0.2;0.4;0.4;0.8
40;0.2;0.2;0.4;0.5;0.7
40;0.2;0.2;0.4;0.6;0.6
40;0.2;0.2;0.5;0.5;0.6
40;0.2;0.3;0.3;0.3;0.9
40;0.2;0.3;0.3;0.4;0.8
40;0.2;0.3;0.3;0.5;0.7
40;0.2;0.3;0.3;0.6;0.6
40;0.2;0.3;0.4;0.4;0.7
40;0.2;0.3;0.4;0.5;0.6
40;0.2;0.3;0.5;0.5;0.5
40;0.2;0.4;0.4;0.4;0.6
40;0.2;0.4;0.4;0.5;0.5
40;0.3;0.3;0.3;0.3;0.8
40;0.3;0.3;0.3;0.4;0.7
40;0.3;0.3;0.3;0.5;0.6
40;0.3;0.3;0.4;0.4;0.6
40;0.3;0.3;0.4;0.5;0.5
40;0.3;0.4;0.4;0.4;0.5
40;0.4;0.4;0.4;0.4;0.4
42;0.1;0.1;0.1;0.9;0.9
42;0.1;0.1;0.2;0.8;0.9
42;0.1;0.1;0.3;0.7;0.9
42;0.1;0.1;0.3;0.8;0.8
42;0.1;0.1;0.4;0.6;0.9
42;0.1;0.1;0.4;0.7;0.8
42;0.1;0.1;0.5;0.5;0.9
42;0.1;0.1;0.5;0.6;0.8
42;0.1;0.1;0.5;0.7;0.7
42;0.1;0.1;0.6;0.6;0.7
42;0.1;0.2;0.2;0.7;0.9
42;0.1;0.2;0.2;0.8;0.8
42;0.1;0.2;0.3;0.6;0.9
42;0.1;0.2;0.3;0.7;0.8
42;0.1;0.2;0.4;0.5;0.9
42;0.1;0.2;0.4;0.6;0.8
42;0.1;0.2;0.4;0.7;0.7
42;0.1;0.2;0.5;0.5;0.8
42;0.1;0.2;0.5;0.6;0.7
42;0.1;0.2;0.6;0.6;0.6
42;0.1;0.3;0.3;0.5;0.9
42;0.1;0.3;0.3;0.6;0.8
42;0.1;0.3;0.3;0.7;0.7
42;0.1;0.3;0.4;0.4;0.9
42;0.1;0.3;0.4;0.5;0.8
42;0.1;0.3;0.4;0.6;0.7
42;0.1;0.3;0.5;0.5;0.7
42;0.1;0.3;0.5;0.6;0.6
42;0.1;0.4;0.4;0.4;0.8
42;0.1;0.4;0.4;0.5;0.7
42;0.1;0.4;0.4;0.6;0.6
42;0.1;0.4;0.5;0.5;0.6
42;0.1;0.5;0.5;0.5;0.5
42;0.2;0.2;0.2;0.6;0.9
42;0.2;0.2;0.2;0.7;0.8
42;0.2;0.2;0.3;0.5;0.9
42;0.2;0.2;0.3;0.6;0.8
42;0.2;0.2;0.3;0.7;0.7
42;0.2;0.2;0.4;0.4;0.9
42;0.2;0.2;0.4;0.5;0.8
42;0.2;0.2;0.4;0.6;0.7
42;0.2;0.2;0.5;0.5;0.7
42;0.2;0.2;0.5;0.6;0.6
42;0.2;0.3;0.3;0.4;0.9
42;0.2;0.3;0.3;0.5;0.8
42;0.2;0.3;0.3;0.6;0.7
42;0.2;0.3;0.4;0.4;0.8
42;0.2;0.3;0.4;0.5;0.7
42;0.2;0.3;0.4;0.6;0.6
42;0.2;0.3;0.5;0.5;0.6
42;0.2;0.4;0.4;0.4;0.7
42;0.2;0.4;0.4;0.5;0.6
42;0.2;0.4;0.5;0.5;0.5
42;0.3;0.3;0.3;0.3;0.9
42;0.3;0.3;0.3;0.4;0.8
42;0.3;0.3;0.3;0.5;0.7
42;0.3;0.3;0.3;0.6;0.6
42;0.3;0.3;0.4;0.4;0.7
42;0.3;0.3;0.4;0.5;0.6
42;0.3;0.3;0.5;0.5;0.5
42;0.3;0.4;0.4;0.4;0.6
42;0.3;0.4;0.4;0.5;0.5
42;0.4;0.4;0.4;0.4;0.5
44;0.1;0.1;0.2;0.9;0.9
44;0.1;0.1;0.3;0.8;0.9
44;0.1;0.1;0.4;0.7;0.9
44;0.1;0.1;0.4;0.8;0.8
44;0.1;0.1;0.5;0.6;0.9
44;0.1;0.1;0.5;0.7;0.8
44;0.1;0.1;0.6;0.6;0.8
44;0.1;0.1;0.6;0.7;0.7
44;0.1;0.2;0.2;0.8;0.9
44;0.1;0.2;0.3;0.7;0.9
44;0.1;0.2;0.3;0.8;0.8
44;0.1;0.2;0.4;0.6;0.9
44;0.1;0.2;0.4;0.7;0.8
44;0.1;0.2;0.5;0.5;0.9
44;0.1;0.2;0.5;0.6;0.8
44;0.1;0.2;0.5;0.7;0.7
44;0.1;0.2;0.6;0.6;0.7
44;0.1;0.3;0.3;0.6;0.9
44;0.1;0.3;0.3;0.7;0.8
44;0.1;0.3;0.4;0.5;0.9
44;0.1;0.3;0.4;0.6;0.8
44;0.1;0.3;0.4;0.7;0.7
44;0.1;0.3;0.5;0.5;0.8
44;0.1;0.3;0.5;0.6;0.7
44;0.1;0.3;0.6;0.6;0.6
44;0.1;0.4;0.4;0.4;0.9
44;0.1;0.4;0.4;0.5;0.8
44;0.1;0.4;0.4;0.6;0.7
44;0.1;0.4;0.5;0.5;0.7
44;0.1;0.4;0.5;0.6;0.6
44;0.1;0.5;0.5;0.5;0.6
44;0.2;0.2;0.2;0.7;0.9
44;0.2;0.2;0.2;0.8;0.8
44;0.2;0.2;0.3;0.6;0.9
44;0.2;0.2;0.3;0.7;0.8
44;0.2;0.2;0.4;0.5;0.9
44;0.2;0.2;0.4;0.6;0.8
44;0.2;0.2;0.4;0.7;0.7
44;0.2;0.2;0.5;0.5;0.8
44;0.2;0.2;0.5;0.6;0.7
44;0.2;0.2;0.6;0.6;0.6
44;0.2;0.3;0.3;0.5;0.9
44;0.2;0.3;0.3;0.6;0.8
44;0.2;0.3;0.3;0.7;0.7
44;0.2;0.3;0.4;0.4;0.9
44;0.2;0.3;0.4;0.5;0.8
44;0.2;0.3;0.4;0.6;0.7
44;0.2;0.3;0.5;0.5;0.7
44;0.2;0.3;0.5;0.6;0.6
44;0.2;0.4;0.4;0.4;0.8
44;0.2;0.4;0.4;0.5;0.7
44;0.2;0.4;0.4;0.6;0.6
44;0.2;0.4;0.5;0.5;0.6
44;0.2;0.5;0.5;0.5;0.5
44;0.3;0.3;0.3;0.4;0.9
44;0.3;0.3;0.3;0.5;0.8
44;0.3;0.3;0.3;0.6;0.7
44;0.3;0.3;0.4;0.4;0.8
44;0.3;0.3;0.4;0.5;0.7
44;0.3;0.3;0.4;0.6;0.6
44;0.3;0.3;0.5;0.5;0.6
44;0.3;0.4;0.4;0.4;0.7
44;0.3;0.4;0.4;0.5;0.6
44;0.3;0.4;0.5;0.5;0.5
44;0.4;0.4;0.4;0.4;0.6
44;0.4;0.4;0.4;0.5;0.5
46;0.1;0.1;0.3;0.9;0.9
46;0.1;0.1;0.4;0.8;0.9
46;0.1;0.1;0.5;0.7;0.9
46;0.1;0.1;0.5;0.8;0.8
46;0.1;0.1;0.6;0.6;0.9
46;0.1;0.1;0.6;0.7;0.8
46;0.1;0.1;0.7;0.7;0.7
46;0.1;0.2;0.2;0.9;0.9
46;0.1;0.2;0.3;0.8;0.9
46;0.1;0.2;0.4;0.7;0.9
46;0.1;0.2;0.4;0.8;0.8
46;0.1;0.2;0.5;0.6;0.9
46;0.1;0.2;0.5;0.7;0.8
46;0.1;0.2;0.6;0.6;0.8
46;0.1;0.2;0.6;0.7;0.7
46;0.1;0.3;0.3;0.7;0.9
46;0.1;0.3;0.3;0.8;0.8
46;0.1;0.3;0.4;0.6;0.9
46;0.1;0.3;0.4;0.7;0.8
46;0.1;0.3;0.5;0.5;0.9
46;0.1;0.3;0.5;0.6;0.8
46;0.1;0.3;0.5;0.7;0.7
46;0.1;0.3;0.6;0.6;0.7
46;0.1;0.4;0.4;0.5;0.9
46;0.1;0.4;0.4;0.6;0.8
46;0.1;0.4;0.4;0.7;0.7
46;0.1;0.4;0.5;0.5;0.8
46;0.1;0.4;0.5;0.6;0.7
46;0.1;0.4;0.6;0.6;0.6
46;0.1;0.5;0.5;0.5;0.7
46;0.1;0.5;0.5;0.6;0.6
46;0.2;0.2;0.2;0.8;0.9
46;0.2;0.2;0.3;0.7;0.9
46;0.2;0.2;0.3;0.8;0.8
46;0.2;0.2;0.4;0.6;0.9
46;0.2;0.2;0.4;0.7;0.8
46;0.2;0.2;0.5;0.5;0.9
46;0.2;0.2;0.5;0.6;0.8
46;0.2;0.2;0.5;0.7;0.7
46;0.2;0.2;0.6;0.6;0.7
46;0.2;0.3;0.3;0.6;0.9
46;0.2;0.3;0.3;0.7;0.8
46;0.2;0.3;0.4;0.5;0.9
46;0.2;0.3;0.4;0.6;0.8
46;0.2;0.3;0.4;0.7;0.7
46;0.2;0.3;0.5;0.5;0.8
46;0.2;0.3;0.5;0.6;0.7
46;0.2;0.3;0.6;0.6;0.6
46;0.2;0.4;0.4;0.4;0.9
46;0.2;0.4;0.4;0.5;0.8
46;0.2;0.4;0.4;0.6;0.7
46;0.2;0.4;0.5;0.5;0.7
46;0.2;0.4;0.5;0.6;0.6
46;0.2;0.5;0.5;0.5;0.6
46;0.3;0.3;0.3;0.5;0.9
46;0.3;0.3;0.3;0.6;0.8
46;0.3;0.3;0.3;0.7;0.7
46;0.3;0.3;0.4;0.4;0.9
46;0.3;0.3;0.4;0.5;0.8
46;0.3;0.3;0.4;0.6;0.7
46;0.3;0.3;0.5;0.5;0.7
46;0.3;0.3;0.5;0.6;0.6
46;0.3;0.4;0.4;0.4;0.8
46;0.3;0.4;0.4;0.5;0.7
46;0.3;0.4;0.4;0.6;0.6
46;0.3;0.4;0.5;0.5;0.6
46;0.3;0.5;0.5;0.5;0.5
46;0.4;0.4;0.4;0.4;0.7
46;0.4;0.4;0.4;0.5;0.6
46;0.4;0.4;0.5;0.5;0.5
48;0.1;0.1;0.4;0.9;0.9
48;0.1;0.1;0.5;0.8;0.9
48;0.1;0.1;0.6;0.7;0.9
48;0.1;0.1;0.6;0.8;0.8
48;0.1;0.1;0.7;0.7;0.8
48;0.1;0.2;0.3;0.9;0.9
48;0.1;0.2;0.4;0.8;0.9
48;0.1;0.2;0.5;0.7;0.9
48;0.1;0.2;0.5;0.8;0.8
48;0.1;0.2;0.6;0.6;0.9
48;0.1;0.2;0.6;0.7;0.8
48;0.1;0.2;0.7;0.7;0.7
48;0.1;0.3;0.3;0.8;0.9
48;0.1;0.3;0.4;0.7;0.9
48;0.1;0.3;0.4;0.8;0.8
48;0.1;0.3;0.5;0.6;0.9
48;0.1;0.3;0.5;0.7;0.8
48;0.1;0.3;0.6;0.6;0.8
48;0.1;0.3;0.6;0.7;0.7
48;0.1;0.4;0.4;0.6;0.9
48;0.1;0.4;0.4;0.7;0.8
48;0.1;0.4;0.5;0.5;0.9
48;0.1;0.4;0.5;0.6;0.8
48;0.1;0.4;0.5;0.7;0.7
48;0.1;0.4;0.6;0.6;0.7
48;0.1;0.5;0.5;0.5;0.8
48;0.1;0.5;0.5;0.6;0.7
48;0.1;0.5;0.6;0.6;0.6
48;0.2;0.2;0.2;0.9;0.9
48;0.2;0.2;0.3;0.8;0.9
48;0.2;0.2;0.4;0.7;0.9
48;0.2;0.2;0.4;0.8;0.8
48;0.2;0.2;0.5;0.6;0.9
48;0.2;0.2;0.5;0.7;0.8
48;0.2;0.2;0.6;0.6;0.8
48;0.2;0.2;0.6;0.7;0.7
48;0.2;0.3;0.3;0.7;0.9
48;0.2;0.3;0.3;0.8;0.8
48;0.2;0.3;0.4;0.6;0.9
48;0.2;0.3;0.4;0.7;0.8
48;0.2;0.3;0.5;0.5;0.9
48;0.2;0.3;0.5;0.6;0.8
48;0.2;0.3;0.5;0.7;0.7
48;0.2;0.3;0.6;0.6;0.7
48;0.2;0.4;0.4;0.5;0.9
48;0.2;0.4;0.4;0.6;0.8
48;0.2;0.4;0.4;0.7;0.7
48;0.2;0.4;0.5;0.5;0.8
48;0.2;0.4;0.5;0.6;0.7
48;0.2;0.4;0.6;0.6;0.6
48;0.2;0.5;0.5;0.5;0.7
48;0.2;0.5;0.5;0.6;0.6
48;0.3;0.3;0.3;0.6;0.9
48;0.3;0.3;0.3;0.7;0.8
48;0.3;0.3;0.4;0.5;0.9
48;0.3;0.3;0.4;0.6;0.8
48;0.3;0.3;0.4;0.7;0.7
48;0.3;0.3;0.5;0.5;0.8
48;0.3;0.3;0.5;0.6;0.7
48;0.3;0.3;0.6;0.6;0.6
48;0.3;0.4;0.4;0.4;0.9
48;0.3;0.4;0.4;0.5;0.8
48;0.3;0.4;0.4;0.6;0.7
48;0.3;0.4;0.5;0.5;0.7
48;0.3;0.4;0.5;0.6;0.6
48;0.3;0.5;0.5;0.5;0.6
48;0.4;0.4;0.4;0.4;0.8
48;0.4;0.4;0.4;0.5;0.7
48;0.4;0.4;0.4;0.6;0.6
48;0.4;0.4;0.5;0.5;0.6
48;0.4;0.5;0.5;0.5;0.5
50;0.1;0.1;0.5;0.9;0.9
50;0.1;0.1;0.6;0.8;0.9
50;0.1;0.1;0.7;0.7;0.9
50;0.1;0.1;0.7;0.8;0.8
50;0.1;0.2;0.4;0.9;0.9
50;0.1;0.2;0.5;0.8;0.9
50;0.1;0.2;0.6;0.7;0.9
50;0.1;0.2;0.6;0.8;0.8
50;0.1;0.2;0.7;0.7;0.8
50;0.1;0.3;0.3;0.9;0.9
50;0.1;0.3;0.4;0.8;0.9
50;0.1;0.3;0.5;0.7;0.9
50;0.1;0.3;0.5;0.8;0.8
50;0.1;0.3;0.6;0.6;0.9
50;0.1;0.3;0.6;0.7;0.8
50;0.1;0.3;0.7;0.7;0.7
50;0.1;0.4;0.4;0.7;0.9
50;0.1;0.4;0.4;0.8;0.8
50;0.1;0.4;0.5;0.6;0.9
50;0.1;0.4;0.5;0.7;0.8
50;0.1;0.4;0.6;0.6;0.8
50;0.1;0.4;0.6;0.7;0.7
50;0.1;0.5;0.5;0.5;0.9
50;0.1;0.5;0.5;0.6;0.8
50;0.1;0.5;0.5;0.7;0.7
50;0.1;0.5;0.6;0.6;0.7
50;0.1;0.6;0.6;0.6;0.6
50;0.2;0.2;0.3;0.9;0.9
50;0.2;0.2;0.4;0.8;0.9
50;0.2;0.2;0.5;0.7;0.9
50;0.2;0.2;0.5;0.8;0.8
50;0.2;0.2;0.6;0.6;0.9
50;0.2;0.2;0.6;0.7;0.8
50;0.2;0.2;0.7;0.7;0.7
50;0.2;0.3;0.3;0.8;0.9
50;0.2;0.3;0.4;0.7;0.9
50;0.2;0.3;0.4;0.8;0.8
50;0.2;0.3;0.5;0.6;0.9
50;0.2;0.3;0.5;0.7;0.8
50;0.2;0.3;0.6;0.6;0.8
50;0.2;0.3;0.6;0.7;0.7
50;0.2;0.4;0.4;0.6;0.9
50;0.2;0.4;0.4;0.7;0.8
50;0.2;0.4;0.5;0.5;0.9
50;0.2;0.4;0.5;0.6;0.8
50;0.2;0.4;0.5;0.7;0.7
50;0.2;0.4;0.6;0.6;0.7
50;0.2;0.5;0.5;0.5;0.8
50;0.2;0.5;0.5;0.6;0.7
50;0.2;0.5;0.6;0.6;0.6
50;0.3;0.3;0.3;0.7;0.9
50;0.3;0.3;0.3;0.8;0.8
50;0.3;0.3;0.4;0.6;0.9
50;0.3;0.3;0.4;0.7;0.8
50;0.3;0.3;0.5;0.5;0.9
50;0.3;0.3;0.5;0.6;0.8
50;0.3;0.3;0.5;0.7;0.7
50;0.3;0.3;0.6;0.6;0.7
50;0.3;0.4;0.4;0.5;0.9
50;0.3;0.4;0.4;0.6;0.8
50;0.3;0.4;0.4;0.7;0.7
50;0.3;0.4;0.5;0.5;0.8
50;0.3;0.4;0.5;0.6;0.7
50;0.3;0.4;0.6;0.6;0.6
50;0.3;0.5;0.5;0.5;0.7
50;0.3;0.5;0.5;0.6;0.6
50;0.4;0.4;0.4;0.4;0.9
50;0.4;0.4;0.4;0.5;0.8
50;0.4;0.4;0.4;0.6;0.7
50;0.4;0.4;0.5;0.5;0.7
50;0.4;0.4;0.5;0.6;0.6
50;0.4;0.5;0.5;0.5;0.6
50;0.5;0.5;0.5;0.5;0.5
52;0.1;0.1;0.6;0.9;0.9
52;0.1;0.1;0.7;0.8;0.9
52;0.1;0.1;0.8;0.8;0.8
52;0.1;0.2;0.5;0.9;0.9
52;0.1;0.2;0.6;0.8;0.9
52;0.1;0.2;0.7;0.7;0.9
52;0.1;0.2;0.7;0.8;0.8
52;0.1;0.3;0.4;0.9;0.9
52;0.1;0.3;0.5;0.8;0.9
52;0.1;0.3;0.6;0.7;0.9
52;0.1;0.3;0.6;0.8;0.8
52;0.1;0.3;0.7;0.7;0.8
52;0.1;0.4;0.4;0.8;0.9
52;0.1;0.4;0.5;0.7;0.9
52;0.1;0.4;0.5;0.8;0.8
52;0.1;0.4;0.6;0.6;0.9
52;0.1;0.4;0.6;0.7;0.8
52;0.1;0.4;0.7;0.7;0.7
52;0.1;0.5;0.5;0.6;0.9
52;0.1;0.5;0.5;0.7;0.8
52;0.1;0.5;0.6;0.6;0.8
52;0.1;0.5;0.6;0.7;0.7
52;0.1;0.6;0.6;0.6;0.7
52;0.2;0.2;0.4;0.9;0.9
52;0.2;0.2;0.5;0.8;0.9
52;0.2;0.2;0.6;0.7;0.9
52;0.2;0.2;0.6;0.8;0.8
52;0.2;0.2;0.7;0.7;0.8
52;0.2;0.3;0.3;0.9;0.9
52;0.2;0.3;0.4;0.8;0.9
52;0.2;0.3;0.5;0.7;0.9
52;0.2;0.3;0.5;0.8;0.8
52;0.2;0.3;0.6;0.6;0.9
52;0.2;0.3;0.6;0.7;0.8
52;0.2;0.3;0.7;0.7;0.7
52;0.2;0.4;0.4;0.7;0.9
52;0.2;0.4;0.4;0.8;0.8
52;0.2;0.4;0.5;0.6;0.9
52;0.2;0.4;0.5;0.7;0.8
52;0.2;0.4;0.6;0.6;0.8
52;0.2;0.4;0.6;0.7;0.7
52;0.2;0.5;0.5;0.5;0.9
52;0.2;0.5;0.5;0.6;0.8
52;0.2;0.5;0.5;0.7;0.7
52;0.2;0.5;0.6;0.6;0.7
52;0.2;0.6;0.6;0.6;0.6
52;0.3;0.3;0.3;0.8;0.9
52;0.3;0.3;0.4;0.7;0.9
52;0.3;0.3;0.4;0.8;0.8
52;0.3;0.3;0.5;0.6;0.9
52;0.3;0.3;0.5;0.7;0.8
52;0.3;0.3;0.6;0.6;0.8
52;0.3;0.3;0.6;0.7;0.7
52;0.3;0.4;0.4;0.6;0.9
52;0.3;0.4;0.4;0.7;0.8
52;0.3;0.4;0.5;0.5;0.9
52;0.3;0.4;0.5;0.6;0.8
52;0.3;0.4;0.5;0.7;0.7
52;0.3;0.4;0.6;0.6;0.7
52;0.3;0.5;0.5;0.5;0.8
52;0.3;0.5;0.5;0.6;0.7
52;0.3;0.5;0.6;0.6;0.6
52;0.4;0.4;0.4;0.5;0.9
52;0.4;0.4;0.4;0.6;0.8
52;0.4;0.4;0.4;0.7;0.7
52;0.4;0.4;0.5;0.5;0.8
52;0.4;0.4;0.5;0.6;0.7
52;0.4;0.4;0.6;0.6;0.6
52;0.4;0.5;0.5;0.5;0.7
52;0.4;0.5;0.5;0.6;0.6
52;0.5;0.5;0.5;0.5;0.6
54;0.1;0.1;0.7;0.9;0.9
54;0.1;0.1;0.8;0.8;0.9
54;0.1;0.2;0.6;0.9;0.9
54;0.1;0.2;0.7;0.8;0.9
54;0.1;0.2;0.8;0.8;0.8
54;0.1;0.3;0.5;0.9;0.9
54;0.1;0.3;0.6;0.8;0.9
54;0.1;0.3;0.7;0.7;0.9
54;0.1;0.3;0.7;0.8;0.8
54;0.1;0.4;0.4;0.9;0.9
54;0.1;0.4;0.5;0.8;0.9
54;0.1;0.4;0.6;0.7;0.9
54;0.1;0.4;0.6;0.8;0.8
54;0.1;0.4;0.7;0.7;0.8
54;0.1;0.5;0.5;0.7;0.9
54;0.1;0.5;0.5;0.8;0.8
54;0.1;0.5;0.6;0.6;0.9
54;0.1;0.5;0.6;0.7;0.8
54;0.1;0.5;0.7;0.7;0.7
54;0.1;0.6;0.6;0.6;0.8
54;0.1;0.6;0.6;0.7;0.7
54;0.2;0.2;0.5;0.9;0.9
54;0.2;0.2;0.6;0.8;0.9
54;0.2;0.2;0.7;0.7;0.9
54;0.2;0.2;0.7;0.8;0.8
54;0.2;0.3;0.4;0.9;0.9
54;0.2;0.3;0.5;0.8;0.9
54;0.2;0.3;0.6;0.7;0.9
54;0.2;0.3;0.6;0.8;0.8
54;0.2;0.3;0.7;0.7;0.8
54;0.2;0.4;0.4;0.8;0.9
54;0.2;0.4;0.5;0.7;0.9
54;0.2;0.4;0.5;0.8;0.8
54;0.2;0.4;0.6;0.6;0.9
54;0.2;0.4;0.6;0.7;0.8
54;0.2;0.4;0.7;0.7;0.7
54;0.2;0.5;0.5;0.6;0.9
54;0.2;0.5;0.5;0.7;0.8
54;0.2;0.5;0.6;0.6;0.8
54;0.2;0.5;0.6;0.7;0.7
54;0.2;0.6;0.6;0.6;0.7
54;0.3;0.3;0.3;0.9;0.9
54;0.3;0.3;0.4;0.8;0.9
54;0.3;0.3;0.5;0.7;0.9
54;0.3;0.3;0.5;0.8;0.8
54;0.3;0.3;0.6;0.6;0.9
54;0.3;0.3;0.6;0.7;0.8
54;0.3;0.3;0.7;0.7;0.7
54;0.3;0.4;0.4;0.7;0.9
54;0.3;0.4;0.4;0.8;0.8
54;0.3;0.4;0.5;0.6;0.9
54;0.3;0.4;0.5;0.7;0.8
54;0.3;0.4;0.6;0.6;0.8
54;0.3;0.4;0.6;0.7;0.7
54;0.3;0.5;0.5;0.5;0.9
54;0.3;0.5;0.5;0.6;0.8
54;0.3;0.5;0.5;0.7;0.7
54;0.3;0.5;0.6;0.6;0.7
54;0.3;0.6;0.6;0.6;0.6
54;0.4;0.4;0.4;0.6;0.9
54;0.4;0.4;0.4;0.7;0.8
54;0.4;0.4;0.5;0.5;0.9
54;0.4;0.4;0.5;0.6;0.8
54;0.4;0.4;0.5;0.7;0.7
54;0.4;0.4;0.6;0.6;0.7
54;0.4;0.5;0.5;0.5;0.8
54;0.4;0.5;0.5;0.6;0.7
54;0.4;0.5;0.6;0.6;0.6
54;0.5;0.5;0.5;0.5;0.7
54;0.5;0.5;0.5;0.6;0.6
56;0.1;0.1;0.8;0.9;0.9
56;0.1;0.2;0.7;0.9;0.9
56;0.1;0.2;0.8;0.8;0.9
56;0.1;0.3;0.6;0.9;0.9
56;0.1;0.3;0.7;0.8;0.9
56;0.1;0.3;0.8;0.8;0.8
56;0.1;0.4;0.5;0.9;0.9
56;0.1;0.4;0.6;0.8;0.9
56;0.1;0.4;0.7;0.7;0.9
56;0.1;0.4;0.7;0.8;0.8
56;0.1;0.5;0.5;0.8;0.9
56;0.1;0.5;0.6;0.7;0.9
56;0.1;0.5;0.6;0.8;0.8
56;0.1;0.5;0.7;0.7;0.8
56;0.1;0.6;0.6;0.6;0.9
56;0.1;0.6;0.6;0.7;0.8
56;0.1;0.6;0.7;0.7;0.7
56;0.2;0.2;0.6;0.9;0.9
56;0.2;0.2;0.7;0.8;0.9
56;0.2;0.2;0.8;0.8;0.8
56;0.2;0.3;0.5;0.9;0.9
56;0.2;0.3;0.6;0.8;0.9
56;0.2;0.3;0.7;0.7;0.9
56;0.2;0.3;0.7;0.8;0.8
56;0.2;0.4;0.4;0.9;0.9
56;0.2;0.4;0.5;0.8;0.9
56;0.2;0.4;0.6;0.7;0.9
56;0.2;0.4;0.6;0.8;0.8
56;0.2;0.4;0.7;0.7;0.8
56;0.2;0.5;0.5;0.7;0.9
56;0.2;0.5;0.5;0.8;0.8
56;0.2;0.5;0.6;0.6;0.9
56;0.2;0.5;0.6;0.7;0.8
56;0.2;0.5;0.7;0.7;0.7
56;0.2;0.6;0.6;0.6;0.8
56;0.2;0.6;0.6;0.7;0.7
56;0.3;0.3;0.4;0.9;0.9
56;0.3;0.3;0.5;0.8;0.9
56;0.3;0.3;0.6;0.7;0.9
56;0.3;0.3;0.6;0.8;0.8
56;0.3;0.3;0.7;0.7;0.8
56;0.3;0.4;0.4;0.8;0.9
56;0.3;0.4;0.5;0.7;0.9
56;0.3;0.4;0.5;0.8;0.8
56;0.3;0.4;0.6;0.6;0.9
56;0.3;0.4;0.6;0.7;0.8
56;0.3;0.4;0.7;0.7;0.7
56;0.3;0.5;0.5;0.6;0.9
56;0.3;0.5;0.5;0.7;0.8
56;0.3;0.5;0.6;0.6;0.8
56;0.3;0.5;0.6;0.7;0.7
56;0.3;0.6;0.6;0.6;0.7
56;0.4;0.4;0.4;0.7;0.9
56;0.4;0.4;0.4;0.8;0.8
56;0.4;0.4;0.5;0.6;0.9
56;0.4;0.4;0.5;0.7;0.8
56;0.4;0.4;0.6;0.6;0.8
56;0.4;0.4;0.6;0.7;0.7
56;0.4;0.5;0.5;0.5;0.9
56;0.4;0.5;0.5;0.6;0.8
56;0.4;0.5;0.5;0.7;0.7
56;0.4;0.5;0.6;0.6;0.7
56;0.4;0.6;0.6;0.6;0.6
56;0.5;0.5;0.5;0.5;0.8
56;0.5;0.5;0.5;0.6;0.7
56;0.5;0.5;0.6;0.6;0.6
58;0.1;0.1;0.9;0.9;0.9
58;0.1;0.2;0.8;0.9;0.9
58;0.1;0.3;0.7;0.9;0.9
58;0.1;0.3;0.8;0.8;0.9
58;0.1;0.4;0.6;0.9;0.9
58;0.1;0.4;0.7;0.8;0.9
58;0.1;0.4;0.8;0.8;0.8
58;0.1;0.5;0.5;0.9;0.9
58;0.1;0.5;0.6;0.8;0.9
58;0.1;0.5;0.7;0.7;0.9
58;0.1;0.5;0.7;0.8;0.8
58;0.1;0.6;0.6;0.7;0.9
58;0.1;0.6;0.6;0.8;0.8
58;0.1;0.6;0.7;0.7;0.8
58;0.1;0.7;0.7;0.7;0.7
58;0.2;0.2;0.7;0.9;0.9
58;0.2;0.2;0.8;0.8;0.9
58;0.2;0.3;0.6;0.9;0.9
58;0.2;0.3;0.7;0.8;0.9
58;0.2;0.3;0.8;0.8;0.8
58;0.2;0.4;0.5;0.9;0.9
58;0.2;0.4;0.6;0.8;0.9
58;0.2;0.4;0.7;0.7;0.9
58;0.2;0.4;0.7;0.8;0.8
58;0.2;0.5;0.5;0.8;0.9
58;0.2;0.5;0.6;0.7;0.9
58;0.2;0.5;0.6;0.8;0.8
58;0.2;0.5;0.7;0.7;0.8
58;0.2;0.6;0.6;0.6;0.9
58;0.2;0.6;0.6;0.7;0.8
58;0.2;0.6;0.7;0.7;0.7
58;0.3;0.3;0.5;0.9;0.9
58;0.3;0.3;0.6;0.8;0.9
58;0.3;0.3;0.7;0.7;0.9
58;0.3;0.3;0.7;0.8;0.8
58;0.3;0.4;0.4;0.9;0.9
58;0.3;0.4;0.5;0.8;0.9
58;0.3;0.4;0.6;0.7;0.9
58;0.3;0.4;0.6;0.8;0.8
58;0.3;0.4;0.7;0.7;0.8
58;0.3;0.5;0.5;0.7;0.9
58;0.3;0.5;0.5;0.8;0.8
58;0.3;0.5;0.6;0.6;0.9
58;0.3;0.5;0.6;0.7;0.8
58;0.3;0.5;0.7;0.7;0.7
58;0.3;0.6;0.6;0.6;0.8
58;0.3;0.6;0.6;0.7;0.7
58;0.4;0.4;0.4;0.8;0.9
58;0.4;0.4;0.5;0.7;0.9
58;0.4;0.4;0.5;0.8;0.8
58;0.4;0.4;0.6;0.6;0.9
58;0.4;0.4;0.6;0.7;0.8
58;0.4;0.4;0.7;0.7;0.7
58;0.4;0.5;0.5;0.6;0.9
58;0.4;0.5;0.5;0.7;0.8
58;0.4;0.5;0.6;0.6;0.8
58;0.4;0.5;0.6;0.7;0.7
58;0.4;0.6;0.6;0.6;0.7
58;0.5;0.5;0.5;0.5;0.9
58;0.5;0.5;0.5;0.6;0.8
58;0.5;0.5;0.5;0.7;0.7
58;0.5;0.5;0.6;0.6;0.7
58;0.5;0.6;0.6;0.6;0.6
60;0.1;0.2;0.9;0.9;0.9
60;0.1;0.3;0.8;0.9;0.9
60;0.1;0.4;0.7;0.9;0.9
60;0.1;0.4;0.8;0.8;0.9
60;0.1;0.5;0.6;0.9;0.9
60;0.1;0.5;0.7;0.8;0.9
60;0.1;0.5;0.8;0.8;0.8
60;0.1;0.6;0.6;0.8;0.9
60;0.1;0.6;0.7;0.7;0.9
60;0.1;0.6;0.7;0.8;0.8
60;0.1;0.7;0.7;0.7;0.8
60;0.2;0.2;0.8;0.9;0.9
60;0.2;0.3;0.7;0.9;0.9
60;0.2;0.3;0.8;0.8;0.9
60;0.2;0.4;0.6;0.9;0.9
60;0.2;0.4;0.7;0.8;0.9
60;0.2;0.4;0.8;0.8;0.8
60;0.2;0.5;0.5;0.9;0.9
60;0.2;0.5;0.6;0.8;0.9
60;0.2;0.5;0.7;0.7;0.9
60;0.2;0.5;0.7;0.8;0.8
60;0.2;0.6;0.6;0.7;0.9
60;0.2;0.6;0.6;0.8;0.8
60;0.2;0.6;0.7;0.7;0.8
60;0.2;0.7;0.7;0.7;0.7
60;0.3;0.3;0.6;0.9;0.9
60;0.3;0.3;0.7;0.8;0.9
60;0.3;0.3;0.8;0.8;0.8
60;0.3;0.4;0.5;0.9;0.9
60;0.3;0.4;0.6;0.8;0.9
60;0.3;0.4;0.7;0.7;0.9
60;0.3;0.4;0.7;0.8;0.8
60;0.3;0.5;0.5;0.8;0.9
60;0.3;0.5;0.6;0.7;0.9
60;0.3;0.5;0.6;0.8;0.8
60;0.3;0.5;0.7;0.7;0.8
60;0.3;0.6;0.6;0.6;0.9
60;0.3;0.6;0.6;0.7;0.8
60;0.3;0.6;0.7;0.7;0.7
60;0.4;0.4;0.4;0.9;0.9
60;0.4;0.4;0.5;0.8;0.9
60;0.4;0.4;0.6;0.7;0.9
60;0.4;0.4;0.6;0.8;0.8
60;0.4;0.4;0.7;0.7;0.8
60;0.4;0.5;0.5;0.7;0.9
60;0.4;0.5;0.5;0.8;0.8
60;0.4;0.5;0.6;0.6;0.9
60;0.4;0.5;0.6;0.7;0.8
60;0.4;0.5;0.7;0.7;0.7
60;0.4;0.6;0.6;0.6;0.8
60;0.4;0.6;0.6;0.7;0.7
60;0.5;0.5;0.5;0.6;0.9
60;0.5;0.5;0.5;0.7;0.8
60;0.5;0.5;0.6;0.6;0.8
60;0.5;0.5;0.6;0.7;0.7
60;0.5;0.6;0.6;0.6;0.7
60;0.6;0.6;0.6;0.6;0.6
62;0.1;0.3;0.9;0.9;0.9
62;0.1;0.4;0.8;0.9;0.9
62;0.1;0.5;0.7;0.9;0.9
62;0.1;0.5;0.8;0.8;0.9
62;0.1;0.6;0.6;0.9;0.9
62;0.1;0.6;0.7;0.8;0.9
62;0.1;0.6;0.8;0.8;0.8
62;0.1;0.7;0.7;0.7;0.9
62;0.1;0.7;0.7;0.8;0.8
62;0.2;0.2;0.9;0.9;0.9
62;0.2;0.3;0.8;0.9;0.9
62;0.2;0.4;0.7;0.9;0.9
62;0.2;0.4;0.8;0.8;0.9
62;0.2;0.5;0.6;0.9;0.9
62;0.2;0.5;0.7;0.8;0.9
62;0.2;0.5;0.8;0.8;0.8
62;0.2;0.6;0.6;0.8;0.9
62;0.2;0.6;0.7;0.7;0.9
62;0.2;0.6;0.7;0.8;0.8
62;0.2;0.7;0.7;0.7;0.8
62;0.3;0.3;0.7;0.9;0.9
62;0.3;0.3;0.8;0.8;0.9
62;0.3;0.4;0.6;0.9;0.9
62;0.3;0.4;0.7;0.8;0.9
62;0.3;0.4;0.8;0.8;0.8
62;0.3;0.5;0.5;0.9;0.9
62;0.3;0.5;0.6;0.8;0.9
62;0.3;0.5;0.7;0.7;0.9
62;0.3;0.5;0.7;0.8;0.8
62;0.3;0.6;0.6;0.7;0.9
62;0.3;0.6;0.6;0.8;0.8
62;0.3;0.6;0.7;0.7;0.8
62;0.3;0.7;0.7;0.7;0.7
62;0.4;0.4;0.5;0.9;0.9
62;0.4;0.4;0.6;0.8;0.9
62;0.4;0.4;0.7;0.7;0.9
62;0.4;0.4;0.7;0.8;0.8
62;0.4;0.5;0.5;0.8;0.9
62;0.4;0.5;0.6;0.7;0.9
62;0.4;0.5;0.6;0.8;0.8
62;0.4;0.5;0.7;0.7;0.8
62;0.4;0.6;0.6;0.6;0.9
62;0.4;0.6;0.6;0.7;0.8
62;0.4;0.6;0.7;0.7;0.7
62;0.5;0.5;0.5;0.7;0.9
62;0.5;0.5;0.5;0.8;0.8
62;0.5;0.5;0.6;0.6;0.9
62;0.5;0.5;0.6;0.7;0.8
62;0.5;0.5;0.7;0.7;0.7
62;0.5;0.6;0.6;0.6;0.8
62;0.5;0.6;0.6;0.7;0.7
62;0.6;0.6;0.6;0.6;0.7
64;0.1;0.4;0.9;0.9;0.9
64;0.1;0.5;0.8;0.9;0.9
64;0.1;0.6;0.7;0.9;0.9
64;0.1;0.6;0.8;0.8;0.9
64;0.1;0.7;0.7;0.8;0.9
64;0.1;0.7;0.8;0.8;0.8
64;0.2;0.3;0.9;0.9;0.9
64;0.2;0.4;0.8;0.9;0.9
64;0.2;0.5;0.7;0.9;0.9
64;0.2;0.5;0.8;0.8;0.9
64;0.2;0.6;0.6;0.9;0.9
64;0.2;0.6;0.7;0.8;0.9
64;0.2;0.6;0.8;0.8;0.8
64;0.2;0.7;0.7;0.7;0.9
64;0.2;0.7;0.7;0.8;0.8
64;0.3;0.3;0.8;0.9;0.9
64;0.3;0.4;0.7;0.9;0.9
64;0.3;0.4;0.8;0.8;0.9
64;0.3;0.5;0.6;0.9;0.9
64;0.3;0.5;0.7;0.8;0.9
64;0.3;0.5;0.8;0.8;0.8
64;0.3;0.6;0.6;0.8;0.9
64;0.3;0.6;0.7;0.7;0.9
64;0.3;0.6;0.7;0.8;0.8
64;0.3;0.7;0.7;0.7;0.8
64;0.4;0.4;0.6;0.9;0.9
64;0.4;0.4;0.7;0.8;0.9
64;0.4;0.4;0.8;0.8;0.8
64;0.4;0.5;0.5;0.9;0.9
64;0.4;0.5;0.6;0.8;0.9
64;0.4;0.5;0.7;0.7;0.9
64;0.4;0.5;0.7;0.8;0.8
64;0.4;0.6;0.6;0.7;0.9
64;0.4;0.6;0.6;0.8;0.8
64;0.4;0.6;0.7;0.7;0.8
64;0.4;0.7;0.7;0.7;0.7
64;0.5;0.5;0.5;0.8;0.9
64;0.5;0.5;0.6;0.7;0.9
64;0.5;0.5;0.6;0.8;0.8
64;0.5;0.5;0.7;0.7;0.8
64;0.5;0.6;0.6;0.6;0.9
64;0.5;0.6;0.6;0.7;0.8
64;0.5;0.6;0.7;0.7;0.7
64;0.6;0.6;0.6;0.6;0.8
64;0.6;0.6;0.6;0.7;0.7
66;0.1;0.5;0.9;0.9;0.9
66;0.1;0.6;0.8;0.9;0.9
66;0.1;0.7;0.7;0.9;0.9
66;0.1;0.7;0.8;0.8;0.9
66;0.1;0.8;0.8;0.8;0.8
66;0.2;0.4;0.9;0.9;0.9
66;0.2;0.5;0.8;0.9;0.9
66;0.2;0.6;0.7;0.9;0.9
66;0.2;0.6;0.8;0.8;0.9
66;0.2;0.7;0.7;0.8;0.9
66;0.2;0.7;0.8;0.8;0.8
66;0.3;0.3;0.9;0.9;0.9
66;0.3;0.4;0.8;0.9;0.9
66;0.3;0.5;0.7;0.9;0.9
66;0.3;0.5;0.8;0.8;0.9
66;0.3;0.6;0.6;0.9;0.9
66;0.3;0.6;0.7;0.8;0.9
66;0.3;0.6;0.8;0.8;0.8
66;0.3;0.7;0.7;0.7;0.9
66;0.3;0.7;0.7;0.8;0.8
66;0.4;0.4;0.7;0.9;0.9
66;0.4;0.4;0.8;0.8;0.9
66;0.4;0.5;0.6;0.9;0.9
66;0.4;0.5;0.7;0.8;0.9
66;0.4;0.5;0.8;0.8;0.8
66;0.4;0.6;0.6;0.8;0.9
66;0.4;0.6;0.7;0.7;0.9
66;0.4;0.6;0.7;0.8;0.8
66;0.4;0.7;0.7;0.7;0.8
66;0.5;0.5;0.5;0.9;0.9
66;0.5;0.5;0.6;0.8;0.9
66;0.5;0.5;0.7;0.7;0.9
66;0.5;0.5;0.7;0.8;0.8
66;0.5;0.6;0.6;0.7;0.9
66;0.5;0.6;0.6;0.8;0.8
66;0.5;0.6;0.7;0.7;0.8
66;0.5;0.7;0.7;0.7;0.7
66;0.6;0.6;0.6;0.6;0.9
66;0.6;0.6;0.6;0.7;0.8
66;0.6;0.6;0.7;0.7;0.7
68;0.1;0.6;0.9;0.9;0.9
68;0.1;0.7;0.8;0.9;0.9
68;0.1;0.8;0.8;0.8;0.9
68;0.2;0.5;0.9;0.9;0.9
68;0.2;0.6;0.8;0.9;0.9
68;0.2;0.7;0.7;0.9;0.9
68;0.2;0.7;0.8;0.8;0.9
68;0.2;0.8;0.8;0.8;0.8
68;0.3;0.4;0.9;0.9;0.9
68;0.3;0.5;0.8;0.9;0.9
68;0.3;0.6;0.7;0.9;0.9
68;0.3;0.6;0.8;0.8;0.9
68;0.3;0.7;0.7;0.8;0.9
68;0.3;0.7;0.8;0.8;0.8
68;0.4;0.4;0.8;0.9;0.9
68;0.4;0.5;0.7;0.9;0.9
68;0.4;0.5;0.8;0.8;0.9
68;0.4;0.6;0.6;0.9;0.9
68;0.4;0.6;0.7;0.8;0.9
68;0.4;0.6;0.8;0.8;0.8
68;0.4;0.7;0.7;0.7;0.9
68;0.4;0.7;0.7;0.8;0.8
68;0.5;0.5;0.6;0.9;0.9
68;0.5;0.5;0.7;0.8;0.9
68;0.5;0.5;0.8;0.8;0.8
68;0.5;0.6;0.6;0.8;0.9
68;0.5;0.6;0.7;0.7;0.9
68;0.5;0.6;0.7;0.8;0.8
68;0.5;0.7;0.7;0.7;0.8
68;0.6;0.6;0.6;0.7;0.9
68;0.6;0.6;0.6;0.8;0.8
68;0.6;0.6;0.7;0.7;0.8
68;0.6;0.7;0.7;0.7;0.7
70;0.1;0.7;0.9;0.9;0.9
70;0.1;0.8;0.8;0.9;0.9
70;0.2;0.6;0.9;0.9;0.9
70;0.2;0.7;0.8;0.9;0.9
70;0.2;0.8;0.8;0.8;0.9
70;0.3;0.5;0.9;0.9;0.9
70;0.3;0.6;0.8;0.9;0.9
70;0.3;0.7;0.7;0.9;0.9
70;0.3;0.7;0.8;0.8;0.9
70;0.3;0.8;0.8;0.8;0.8
70;0.4;0.4;0.9;0.9;0.9
70;0.4;0.5;0.8;0.9;0.9
70;0.4;0.6;0.7;0.9;0.9
70;0.4;0.6;0.8;0.8;0.9
70;0.4;0.7;0.7;0.8;0.9
70;0.4;0.7;0.8;0.8;0.8
70;0.5;0.5;0.7;0.9;0.9
70;0.5;0.5;0.8;0.8;0.9
70;0.5;0.6;0.6;0.9;0.9
70;0.5;0.6;0.7;0.8;0.9
70;0.5;0.6;0.8;0.8;0.8
70;0.5;0.7;0.7;0.7;0.9
70;0.5;0.7;0.7;0.8;0.8
70;0.6;0.6;0.6;0.8;0.9
70;0.6;0.6;0.7;0.7;0.9
70;0.6;0.6;0.7;0.8;0.8
70;0.6;0.7;0.7;0.7;0.8
70;0.7;0.7;0.7;0.7;0.7
72;0.1;0.8;0.9;0.9;0.9
72;0.2;0.7;0.9;0.9;0.9
72;0.2;0.8;0.8;0.9;0.9
72;0.3;0.6;0.9;0.9;0.9
72;0.3;0.7;0.8;0.9;0.9
72;0.3;0.8;0.8;0.8;0.9
72;0.4;0.5;0.9;0.9;0.9
72;0.4;0.6;0.8;0.9;0.9
72;0.4;0.7;0.7;0.9;0.9
72;0.4;0.7;0.8;0.8;0.9
72;0.4;0.8;0.8;0.8;0.8
72;0.5;0.5;0.8;0.9;0.9
72;0.5;0.6;0.7;0.9;0.9
72;0.5;0.6;0.8;0.8;0.9
72;0.5;0.7;0.7;0.8;0.9
72;0.5;0.7;0.8;0.8;0.8
72;0.6;0.6;0.6;0.9;0.9
72;0.6;0.6;0.7;0.8;0.9
72;0.6;0.6;0.8;0.8;0.8
72;0.6;0.7;0.7;0.7;0.9
72;0.6;0.7;0.7;0.8;0.8
72;0.7;0.7;0.7;0.7;0.8
74;0.1;0.9;0.9;0.9;0.9
74;0.2;0.8;0.9;0.9;0.9
74;0.3;0.7;0.9;0.9;0.9
74;0.3;0.8;0.8;0.9;0.9
74;0.4;0.6;0.9;0.9;0.9
74;0.4;0.7;0.8;0.9;0.9
74;0.4;0.8;0.8;0.8;0.9
74;0.5;0.5;0.9;0.9;0.9
74;0.5;0.6;0.8;0.9;0.9
74;0.5;0.7;0.7;0.9;0.9
74;0.5;0.7;0.8;0.8;0.9
74;0.5;0.8;0.8;0.8;0.8
74;0.6;0.6;0.7;0.9;0.9
74;0.6;0.6;0.8;0.8;0.9
74;0.6;0.7;0.7;0.8;0.9
74;0.6;0.7;0.8;0.8;0.8
74;0.7;0.7;0.7;0.7;0.9
74;0.7;0.7;0.7;0.8;0.8
76;0.2;0.9;0.9;0.9;0.9
76;0.3;0.8;0.9;0.9;0.9
76;0.4;0.7;0.9;0.9;0.9
76;0.4;0.8;0.8;0.9;0.9
76;0.5;0.6;0.9;0.9;0.9
76;0.5;0.7;0.8;0.9;0.9
76;0.5;0.8;0.8;0.8;0.9
76;0.6;0.6;0.8;0.9;0.9
76;0.6;0.7;0.7;0.9;0.9
76;0.6;0.7;0.8;0.8;0.9
76;0.6;0.8;0.8;0.8;0.8
76;0.7;0.7;0.7;0.8;0.9
76;0.7;0.7;0.8;0.8;0.8
78;0.3;0.9;0.9;0.9;0.9
78;0.4;0.8;0.9;0.9;0.9
78;0.5;0.7;0.9;0.9;0.9
78;0.5;0.8;0.8;0.9;0.9
78;0.6;0.6;0.9;0.9;0.9
78;0.6;0.7;0.8;0.9;0.9
78;0.6;0.8;0.8;0.8;0.9
78;0.7;0.7;0.7;0.9;0.9
78;0.7;0.7;0.8;0.8;0.9
78;0.7;0.8;0.8;0.8;0.8
80;0.4;0.9;0.9;0.9;0.9
80;0.5;0.8;0.9;0.9;0.9
80;0.6;0.7;0.9;0.9;0.9
80;0.6;0.8;0.8;0.9;0.9
80;0.7;0.7;0.8;0.9;0.9
80;0.7;0.8;0.8;0.8;0.9
80;0.8;0.8;0.8;0.8;0.8
82;0.5;0.9;0.9;0.9;0.9
82;0.6;0.8;0.9;0.9;0.9
82;0.7;0.7;0.9;0.9;0.9
82;0.7;0.8;0.8;0.9;0.9
82;0.8;0.8;0.8;0.8;0.9
84;0.6;0.9;0.9;0.9;0.9
84;0.7;0.8;0.9;0.9;0.9
84;0.8;0.8;0.8;0.9;0.9
86;0.7;0.9;0.9;0.9;0.9
86;0.8;0.8;0.9;0.9;0.9
88;0.8;0.9;0.9;0.9;0.9
90;0.9;0.9;0.9;0.9;0.9
